{
  "project_info": {
    "project_number": "355547706938",
    "project_id": "gps-apps-41932",
    "storage_bucket": "gps-apps-41932.appspot.com"
  },
  "client": [
    {
      "client_info": {
        "mobilesdk_app_id": "1:355547706938:android:da84edf7b973709a90a703",
        "android_client_info": {
          "package_name": "com.example.gpsapps"
        }
      },
      "oauth_client": [],
      "api_key": [
        {
          "current_key": "AIzaSyAxt21BfV5En_x6lfmq52VRuEDCL0-OCZ4"
        }
      ],
      "services": {
        "appinvite_service": {
          "other_platform_oauth_client": []
        }
      }
    }
  ],
  "configuration_version": "1"
}